Team,Player,MIN,FGM,FGA,FG%,3PM,3PA,3P%,FTM,FTA,FT%,OREB,DREB,REB,AST,STL,BLK,TO,PF,PTS
Gordon,Abby Chewning,7.0,0.0,4.0,0.0,0.0,4.0,0.0,0.0,0.0,,0,1,1,0.0,1.0,0.0,0,3,0.0
Dean College,Abi Boutin,38.0,5.0,11.0,45.45,0.0,3.0,0.0,5.0,12.0,41.67,3,1,4,5.0,4.0,0.0,4,2,15.0
Westfield St.,Alex Jackson,6.0,1.0,3.0,33.33,0.0,2.0,0.0,0.0,3.0,0.0,2,2,4,0.0,2.0,0.0,0,1,2.0
Dean College,Alexandria Paquet,33.0,2.0,7.0,28.57,1.0,4.0,25.0,4.0,6.0,66.67,0,7,7,3.0,1.0,2.0,4,2,9.0
Fitchburg St.,Alexis DeSimone,22.0,2.0,12.0,16.67,0.0,4.0,0.0,2.0,4.0,50.0,3,2,5,1.0,1.0,0.0,3,3,6.0
Westfield St.,Alexus Sanchez,3.0,0.0,1.0,0.0,0.0,1.0,0.0,0.0,0.0,,0,1,1,0.0,0.0,0.0,0,0,0.0
Fitchburg St.,Aliza Som,26.0,1.0,6.0,16.67,1.0,5.0,20.0,0.0,0.0,,0,2,2,2.0,1.0,0.0,3,5,3.0
Fitchburg St.,Allison Prentis,6.0,2.0,3.0,66.67,1.0,2.0,50.0,0.0,0.0,,0,0,0,0.0,0.0,0.0,1,2,5.0
WPI,"Allyn,Emmy",32.0,4.0,14.0,28.57,3.0,9.0,33.33,0.0,0.0,,1,0,1,3.0,5.0,0.0,2,2,11.0
Gordon,Ami Rivera,23.0,8.0,12.0,66.67,2.0,4.0,50.0,1.0,1.0,100.0,0,1,1,4.0,3.0,0.0,1,0,19.0
Westfield St.,Anaya Tolton,4.0,2.0,2.0,100.0,0.0,0.0,,0.0,1.0,0.0,0,2,2,0.0,0.0,0.0,0,1,4.0
Elms,"Andrade, Sophia",9.0,0.0,1.0,0.0,0.0,1.0,0.0,0.0,0.0,,1,1,2,0.0,0.0,0.0,3,2,0.0
Elms,"Andrade,Sophia",153.0,6.0,27.0,22.22,5.0,18.0,27.78,1.0,4.0,25.0,4,21,25,5.0,6.0,0.0,12,19,18.0
Nazareth,"Anglin,Kiara",21.0,3.0,3.0,100.0,0.0,0.0,,2.0,3.0,66.67,2,4,6,5.0,3.0,0.0,0,2,8.0
Amherst,Anna Tranum,24.0,5.0,9.0,55.56,2.0,4.0,50.0,0.0,0.0,,1,0,1,0.0,2.0,0.0,2,4,12.0
Amherst,Annie McCarthy,32.0,2.0,12.0,16.67,2.0,8.0,25.0,0.0,0.0,,1,4,5,2.0,2.0,0.0,2,1,6.0
Emerson,"Arnold,Elise",24.0,4.0,8.0,50.0,2.0,2.0,100.0,0.0,0.0,,3,5,8,0.0,1.0,0.0,4,2,10.0
Emerson,"Arnold,Taylor",14.0,1.0,3.0,33.33,0.0,0.0,,0.0,0.0,,1,1,2,4.0,1.0,0.0,1,4,2.0
Elms,"Asfaw, Soliyana",0.0,0.0,0.0,,0.0,0.0,,0.0,0.0,,0,0,0,0.0,0.0,0.0,0,0,0.0
Westfield St.,Ashley Ames,8.0,1.0,2.0,50.0,1.0,2.0,50.0,0.0,0.0,,0,0,0,1.0,1.0,0.0,1,0,3.0
Salem St.,"Ashley,Lamia",17.0,3.0,4.0,75.0,0.0,0.0,,0.0,2.0,0.0,3,1,4,0.0,0.0,0.0,1,1,6.0
Emmanuel (MA),"Atuahene,Paris",32.0,4.0,14.0,28.57,2.0,4.0,50.0,0.0,0.0,,2,0,2,0.0,2.0,0.0,2,2,10.0
Elms,Autumn Koch,25.0,2.0,8.0,25.0,2.0,7.0,28.57,2.0,2.0,100.0,0,2,2,0.0,0.0,0.0,2,4,8.0
Regis (MA),"Ayala, Serenity",23.0,0.0,3.0,0.0,0.0,1.0,0.0,1.0,2.0,50.0,0,3,3,1.0,1.0,0.0,2,3,1.0
Dean College,Azaria Landry,23.0,2.0,9.0,22.22,0.0,2.0,0.0,0.0,0.0,,1,1,2,0.0,2.0,0.0,2,5,4.0
VTSU Lyndon,"Badertscher,Hannah",1.0,0.0,1.0,0.0,0.0,0.0,,0.0,0.0,,0,0,0,0.0,0.0,0.0,0,2,0.0
Anna Maria,"Bankhead,Tamyiah",10.0,0.0,1.0,0.0,0.0,0.0,,0.0,0.0,,0,0,0,1.0,1.0,0.0,0,1,0.0
Albertus Magnus,"Barrientos, Hannah",14.0,5.0,9.0,55.56,4.0,8.0,50.0,0.0,0.0,,0,0,0,0.0,0.0,0.0,0,1,14.0
Elms,"Barron, Shea",48.0,5.0,10.0,50.0,4.0,7.0,57.14,2.0,2.0,100.0,1,6,7,0.0,0.0,0.0,2,4,16.0
Elms,"Barron,Shea",276.0,11.0,56.0,19.64,10.0,33.0,30.3,7.0,12.0,58.33,4,14,18,8.0,10.0,1.0,15,30,39.0
Wellesley,"Barrow, Trinity",32.0,2.0,7.0,28.57,1.0,2.0,50.0,0.0,0.0,,3,5,8,1.0,0.0,1.0,3,3,5.0
Emmanuel (MA),"Bartash,Kaitlyn",32.0,6.0,10.0,60.0,0.0,0.0,,6.0,6.0,100.0,4,8,12,4.0,2.0,12.0,4,0,18.0
Emmanuel (MA),"Bartlett,Reese",32.0,4.0,10.0,40.0,2.0,8.0,25.0,0.0,0.0,,0,4,4,2.0,2.0,0.0,0,4,10.0
Anna Maria,"Baxter,Hannah",6.0,1.0,1.0,100.0,0.0,0.0,,0.0,0.0,,0,0,0,0.0,1.0,0.0,0,0,2.0
Mitchell,"Beddoe,Jamya",40.0,1.0,5.0,20.0,1.0,2.0,50.0,2.0,4.0,50.0,2,2,4,3.0,3.0,1.0,4,3,5.0
Nazareth,"Benetti,Molly",24.0,7.0,11.0,63.64,0.0,1.0,0.0,2.0,2.0,100.0,3,12,15,3.0,0.0,5.0,2,1,16.0
Mitchell,"Berrio,Shaelene",12.0,1.0,3.0,33.33,0.0,0.0,,0.0,0.0,,1,1,2,0.0,2.0,0.0,2,1,2.0
Salem St.,"Boccelli,Marisa",1.0,0.0,0.0,,0.0,0.0,,0.0,2.0,0.0,0,0,0,0.0,0.0,0.0,0,1,0.0
Norwich,"Brewster,Haley",33.0,6.0,16.0,37.5,4.0,11.0,36.36,0.0,0.0,,0,2,2,3.0,4.0,0.0,3,2,16.0
Wentworth,Brianna Carroll,19.0,4.0,11.0,36.36,3.0,10.0,30.0,1.0,2.0,50.0,1,4,5,1.0,2.0,0.0,1,0,12.0
Amherst,Brielle Renwick,27.0,6.0,9.0,66.67,0.0,1.0,0.0,0.0,1.0,0.0,6,7,13,4.0,0.0,1.0,7,5,12.0
Norwich,"Briggs,Lily",23.0,4.0,12.0,33.33,3.0,8.0,37.5,0.0,0.0,,2,2,4,3.0,4.0,0.0,2,3,11.0
Wentworth,Brooke Carlson,13.0,1.0,4.0,25.0,0.0,0.0,,0.0,0.0,,1,2,3,0.0,0.0,0.0,0,0,2.0
St. Joseph's (ME),"Brown,Logan",19.0,6.0,13.0,46.15,6.0,11.0,54.55,0.0,0.0,,3,2,5,0.0,0.0,0.0,2,5,18.0
Albertus Magnus,"Bruno, Elizabeth",12.0,3.0,3.0,100.0,1.0,1.0,100.0,0.0,0.0,,0,1,1,5.0,1.0,0.0,1,1,7.0
Gordon,Brynn Barnhard,21.0,2.0,6.0,33.33,1.0,2.0,50.0,2.0,2.0,100.0,2,6,8,3.0,3.0,0.0,1,3,7.0
Lasell,"Bulson-Cuozzo,Alexis",35.0,2.0,11.0,18.18,1.0,4.0,25.0,0.0,0.0,,0,5,5,2.0,1.0,0.0,3,2,5.0
Anna Maria,"Burdett,Megan",13.0,3.0,6.0,50.0,0.0,0.0,,0.0,0.0,,2,1,3,0.0,0.0,0.0,2,1,6.0
New England Col.,"Burke,Bailey",40.0,6.0,9.0,66.67,0.0,1.0,0.0,0.0,4.0,0.0,0,6,6,0.0,5.0,0.0,6,0,12.0
Westfield St.,Caellen Foley,18.0,1.0,1.0,100.0,0.0,0.0,,2.0,4.0,50.0,2,1,3,0.0,1.0,0.0,0,0,4.0
Fitchburg St.,Caileen Hurley,22.0,2.0,7.0,28.57,0.0,0.0,,0.0,0.0,,1,3,4,2.0,1.0,1.0,1,3,4.0
Emerson,"Canter,Sofia",24.0,3.0,6.0,50.0,2.0,4.0,50.0,0.0,0.0,,1,0,1,2.0,1.0,0.0,1,0,8.0
Nazareth,"Caraballo,Morgan",19.0,2.0,5.0,40.0,0.0,1.0,0.0,0.0,2.0,0.0,2,1,3,1.0,3.0,0.0,1,0,4.0
Westfield St.,Caroline Galvani,14.0,0.0,5.0,0.0,0.0,4.0,0.0,0.0,0.0,,0,0,0,2.0,1.0,0.0,1,3,0.0
Rivier,"Carrier,Jessica",16.0,0.0,1.0,0.0,0.0,0.0,,0.0,0.0,,2,5,7,3.0,0.0,0.0,4,2,0.0
WPI,"Carson,Kayleigh",2.0,1.0,1.0,100.0,0.0,0.0,,0.0,0.0,,0,0,0,0.0,1.0,0.0,0,0,2.0
Albertus Magnus,"Carter, Jamily",0.0,0.0,0.0,,0.0,0.0,,0.0,0.0,,0,0,0,0.0,0.0,0.0,0,0,0.0
Salem St.,"Carter,Sunali",4.0,0.0,2.0,0.0,0.0,1.0,0.0,0.0,0.0,,4,1,5,1.0,0.0,0.0,1,2,0.0
JWU (Providence),"Caruso,Mikayla",46.0,4.0,12.0,33.33,0.0,1.0,0.0,1.0,2.0,50.0,9,12,21,2.0,1.0,4.0,3,5,9.0
Gordon,Cassidy Dillon,9.0,1.0,3.0,33.33,0.0,0.0,,0.0,0.0,,0,1,1,0.0,0.0,0.0,1,2,2.0
Norwich,"Chalmers,Mallorie",15.0,1.0,1.0,100.0,0.0,0.0,,4.0,5.0,80.0,0,0,0,1.0,0.0,0.0,0,0,6.0
Wellesley,"Chen, Stacy",21.0,2.0,5.0,40.0,1.0,3.0,33.33,0.0,0.0,,0,3,3,1.0,0.0,0.0,3,1,5.0
Wellesley,"Cheng, Amanda",3.0,1.0,2.0,50.0,0.0,1.0,0.0,0.0,0.0,,0,0,0,0.0,0.0,0.0,0,0,2.0
Colby-Sawyer,"Chick,Catherine",21.0,5.0,8.0,62.5,0.0,1.0,0.0,1.0,4.0,25.0,1,0,1,0.0,2.0,0.0,0,2,11.0
Lasell,"Clancy,Teagan",6.0,0.0,1.0,0.0,0.0,1.0,0.0,0.0,0.0,,0,0,0,0.0,1.0,0.0,1,1,0.0
JWU (Providence),"Clark,Madison",13.0,1.0,1.0,100.0,0.0,0.0,,0.0,0.0,,0,2,2,0.0,0.0,0.0,1,1,2.0
Rivier,"Coleman,Emily",13.0,1.0,3.0,33.33,0.0,0.0,,0.0,0.0,,2,4,6,0.0,1.0,0.0,1,3,2.0
VTSU Lyndon,"Coutermarsh,Alexis",1.0,0.0,1.0,0.0,0.0,1.0,0.0,1.0,2.0,50.0,0,0,0,0.0,0.0,0.0,0,0,1.0
New England Col.,"Creary,Kaira",26.0,5.0,9.0,55.56,3.0,7.0,42.86,2.0,2.0,100.0,0,2,2,0.0,0.0,0.0,4,2,15.0
JWU (Providence),"Cruz,Mia",39.0,5.0,13.0,38.46,1.0,3.0,33.33,2.0,2.0,100.0,1,5,6,8.0,4.0,1.0,5,5,13.0
WPI,"Cueto,Alyssa",9.0,0.0,1.0,0.0,0.0,0.0,,0.0,0.0,,1,1,2,1.0,0.0,0.0,5,1,0.0
St. Joseph's (ME),"Currie,Mackenzie",16.0,3.0,7.0,42.86,0.0,1.0,0.0,1.0,2.0,50.0,1,2,3,0.0,0.0,0.0,1,0,7.0
JWU (Providence),"D'Ambrosio,Gabriela",25.0,2.0,6.0,33.33,2.0,5.0,40.0,0.0,0.0,,1,0,1,1.0,1.0,0.0,3,2,6.0
Salem St.,"D'Itra,Nicolette",16.0,2.0,8.0,25.0,0.0,3.0,0.0,0.0,0.0,,4,2,6,1.0,0.0,0.0,2,2,4.0
Colby-Sawyer,"Daigle,Larissa",2.0,0.0,1.0,0.0,0.0,1.0,0.0,1.0,2.0,50.0,0,0,0,0.0,0.0,0.0,0,0,1.0
Elms,Danajah Stokes,4.0,0.0,2.0,0.0,0.0,0.0,,0.0,0.0,,1,1,2,0.0,0.0,0.0,1,0,0.0
WPI,"Dasaro,Caitlyn",28.0,7.0,10.0,70.0,0.0,0.0,,0.0,0.0,,2,3,5,0.0,0.0,0.0,2,2,14.0
WPI,"Davenport,Paige",11.0,3.0,5.0,60.0,0.0,0.0,,0.0,0.0,,3,2,5,2.0,0.0,0.0,0,1,6.0
New England Col.,"Davila,Amanda",1.0,0.0,1.0,0.0,0.0,1.0,0.0,0.0,0.0,,0,0,0,0.0,0.0,0.0,0,0,0.0
Lasell,"DePina,Jasmine",18.0,2.0,2.0,100.0,0.0,0.0,,1.0,4.0,25.0,0,3,3,0.0,1.0,0.0,2,3,5.0
Colby-Sawyer,"Denis,Molly",5.0,0.0,1.0,0.0,0.0,1.0,0.0,0.0,0.0,,0,0,0,0.0,1.0,0.0,0,2,0.0
VTSU Lyndon,"Disorda,Kerigan",33.0,1.0,3.0,33.33,0.0,2.0,0.0,2.0,2.0,100.0,0,3,3,4.0,0.0,0.0,3,3,4.0
Emerson,"Dodd,Kendra",33.0,4.0,12.0,33.33,4.0,10.0,40.0,0.0,0.0,,0,1,1,2.0,1.0,0.0,2,2,12.0
Regis (MA),"Doherty, Courtney",29.0,6.0,18.0,33.33,1.0,4.0,25.0,1.0,2.0,50.0,2,2,4,3.0,0.0,0.0,2,4,14.0
Rivier,"Donato,Gianna",29.0,9.0,11.0,81.82,3.0,5.0,60.0,0.0,1.0,0.0,0,2,2,1.0,2.0,1.0,3,4,21.0
Saint Joseph (CT),"Dorantes,Maci",9.0,1.0,3.0,33.33,0.0,0.0,,0.0,0.0,,2,1,3,2.0,2.0,0.0,2,1,2.0
St. Joseph's (ME),"Dube,Abby",19.0,1.0,3.0,33.33,0.0,2.0,0.0,0.0,0.0,,1,1,2,1.0,2.0,1.0,2,0,2.0
Lasell,"Duclos,Abigail",52.0,4.0,15.0,26.67,1.0,5.0,20.0,3.0,7.0,42.86,4,5,9,3.0,2.0,1.0,10,5,12.0
Rivier,"Dufries,Alexa",16.0,5.0,9.0,55.56,2.0,4.0,50.0,0.0,0.0,,0,1,1,3.0,1.0,0.0,1,2,12.0
Colby-Sawyer,"Durry,Tanner",8.0,2.0,3.0,66.67,2.0,3.0,66.67,2.0,2.0,100.0,1,0,1,0.0,0.0,0.0,0,2,8.0
Norwich,"Dwinell,Paige",3.0,0.0,3.0,0.0,0.0,0.0,,0.0,0.0,,0,0,0,0.0,0.0,0.0,1,0,0.0
JWU (Providence),"Ebanks,Bethany",1.0,1.0,1.0,100.0,0.0,0.0,,0.0,0.0,,0,0,0,0.0,0.0,1.0,1,0,2.0
Wentworth,Elise Ayer,7.0,0.0,1.0,0.0,0.0,0.0,,0.0,0.0,,0,2,2,1.0,3.0,0.0,0,1,0.0
Amherst,Elizabeth Cain,15.0,1.0,6.0,16.67,0.0,1.0,0.0,1.0,1.0,100.0,2,1,3,0.0,1.0,0.0,1,5,3.0
Wellesley,"Elson, Emaleena",20.0,2.0,3.0,66.67,1.0,2.0,50.0,0.0,0.0,,0,0,0,1.0,2.0,0.0,2,3,5.0
Fitchburg St.,Emma Adisa,0.0,0.0,0.0,,0.0,0.0,,0.0,0.0,,0,0,0,0.0,0.0,0.0,0,0,0.0
Emerson,"English,Claire",19.0,2.0,2.0,100.0,0.0,0.0,,0.0,0.0,,0,5,5,3.0,0.0,2.0,4,4,4.0
Albertus Magnus,"Evangelista, Sarah",15.0,0.0,2.0,0.0,0.0,2.0,0.0,0.0,0.0,,0,1,1,2.0,0.0,0.0,1,0,0.0
Regis (MA),"Fatah, Fatma",0.0,0.0,0.0,,0.0,0.0,,0.0,0.0,,0,0,0,0.0,0.0,0.0,0,0,0.0
Colby-Sawyer,"Felker,Emma",4.0,0.0,1.0,0.0,0.0,1.0,0.0,0.0,0.0,,0,1,1,0.0,0.0,0.0,1,0,0.0
St. Joseph's (ME),"Fiorillo,Lindsay",17.0,1.0,4.0,25.0,0.0,3.0,0.0,0.0,0.0,,2,0,2,3.0,1.0,0.0,1,1,2.0
VTSU Lyndon,"Fitih,Victoria",9.0,1.0,3.0,33.33,0.0,0.0,,1.0,2.0,50.0,3,3,6,0.0,1.0,1.0,1,3,3.0
JWU (Providence),"Foley,Brianne",54.0,11.0,19.0,57.89,7.0,11.0,63.64,3.0,5.0,60.0,4,10,14,3.0,1.0,2.0,2,4,32.0
Anna Maria,"Franklin,Briana",3.0,0.0,1.0,0.0,0.0,0.0,,0.0,0.0,,0,1,1,0.0,0.0,0.0,0,0,0.0
Saint Joseph (CT),"Frigo,Jelly",15.0,2.0,5.0,40.0,2.0,4.0,50.0,0.0,0.0,,0,1,1,1.0,0.0,0.0,0,0,6.0
WPI,"Fullem,Allison",15.0,3.0,7.0,42.86,0.0,0.0,,4.0,5.0,80.0,1,6,7,3.0,0.0,3.0,2,3,10.0
Wellesley,"Funari, Mirella",32.0,5.0,9.0,55.56,0.0,1.0,0.0,4.0,5.0,80.0,0,3,3,2.0,4.0,0.0,4,4,14.0
Nazareth,"Fusilli,Leah",18.0,4.0,4.0,100.0,1.0,1.0,100.0,1.0,2.0,50.0,0,4,4,5.0,1.0,1.0,2,5,10.0
Wentworth,Gabby Amoddio,28.0,3.0,9.0,33.33,0.0,4.0,0.0,2.0,3.0,66.67,1,2,3,3.0,0.0,1.0,2,3,8.0
Elms,Gabby Wasiewicz,8.0,3.0,5.0,60.0,2.0,3.0,66.67,0.0,0.0,,0,1,1,0.0,0.0,0.0,3,0,8.0
Albertus Magnus,"Gaetano, Gabriella",0.0,0.0,0.0,,0.0,0.0,,0.0,0.0,,0,0,0,0.0,0.0,0.0,0,0,0.0
Salem St.,"Gates,Kylie",33.0,7.0,11.0,63.64,5.0,6.0,83.33,2.0,3.0,66.67,0,3,3,6.0,6.0,0.0,1,1,21.0
Regis (MA),"George, Bella",0.0,0.0,0.0,,0.0,0.0,,0.0,0.0,,0,0,0,0.0,0.0,0.0,0,0,0.0
St. Joseph's (ME),"Gilbert,Cadance",14.0,0.0,1.0,0.0,0.0,0.0,,0.0,0.0,,0,6,6,1.0,1.0,0.0,2,1,0.0
WPI,"Goldrick,Kayla",2.0,0.0,0.0,,0.0,0.0,,0.0,0.0,,0,0,0,0.0,0.0,0.0,0,0,0.0
Salem St.,"Goncalves,Ernidia",17.0,3.0,10.0,30.0,0.0,0.0,,0.0,0.0,,1,7,8,0.0,0.0,2.0,5,3,6.0
Albertus Magnus,"Gonzalez, Brooklyn",5.0,0.0,4.0,0.0,0.0,4.0,0.0,2.0,2.0,100.0,1,0,1,0.0,1.0,0.0,1,1,2.0
Anna Maria,"Gonzalez,Airanna",30.0,1.0,5.0,20.0,0.0,4.0,0.0,0.0,0.0,,0,4,4,0.0,0.0,0.0,2,1,2.0
New England Col.,"Gordon,Macy",8.0,0.0,1.0,0.0,0.0,0.0,,0.0,0.0,,0,1,1,0.0,1.0,0.0,1,1,0.0
Elms,"Gorski, Jenny",59.0,9.0,17.0,52.94,0.0,0.0,,3.0,4.0,75.0,4,10,14,4.0,4.0,1.0,3,7,21.0
Elms,"Gorski,Jenny",312.0,38.0,81.0,46.91,0.0,1.0,0.0,8.0,22.0,36.36,55,44,99,8.0,19.0,4.0,37,28,84.0
Elms,"Graham, Piper",60.0,1.0,18.0,5.56,1.0,11.0,9.09,0.0,0.0,,1,3,4,4.0,0.0,0.0,5,5,3.0
Elms,"Graham,Piper",482.0,40.0,135.0,29.63,24.0,76.0,31.58,25.0,31.0,80.65,12,28,40,30.0,12.0,2.0,38,23,129.0
Colby-Sawyer,"Greenan,Emma",9.0,0.0,2.0,0.0,0.0,1.0,0.0,0.0,0.0,,0,2,2,0.0,1.0,2.0,0,2,0.0
Colby-Sawyer,"Grillone,Makenna",31.0,3.0,11.0,27.27,1.0,6.0,16.67,8.0,11.0,72.73,1,4,5,1.0,2.0,0.0,4,3,15.0
Rivier,"Grumblatt,Lyric",24.0,7.0,11.0,63.64,0.0,1.0,0.0,1.0,1.0,100.0,3,3,6,5.0,1.0,0.0,1,1,15.0
Elms,"Guerrier, Phonia",2.0,0.0,1.0,0.0,0.0,1.0,0.0,0.0,0.0,,0,1,1,0.0,0.0,0.0,1,1,0.0
Elms,"Guerrier,Phonia",11.0,1.0,3.0,33.33,0.0,2.0,0.0,2.0,4.0,50.0,0,2,2,0.0,2.0,0.0,1,0,4.0
Rivier,"Guinn,Rachel",13.0,2.0,3.0,66.67,2.0,2.0,100.0,0.0,0.0,,0,3,3,1.0,0.0,0.0,1,2,6.0
Norwich,"Hadunnetthi Rannuluge,Shenale",2.0,0.0,0.0,,0.0,0.0,,0.0,0.0,,2,0,2,0.0,1.0,0.0,1,0,0.0
Westfield St.,Hannah Sheldon,13.0,0.0,2.0,0.0,0.0,0.0,,2.0,4.0,50.0,1,0,1,3.0,1.0,0.0,1,0,2.0
Regis (MA),"Hart, Isabella",0.0,0.0,0.0,,0.0,0.0,,0.0,0.0,,0,0,0,0.0,0.0,0.0,0,0,0.0
Elms,Heaven Smith,0.0,0.0,0.0,,0.0,0.0,,0.0,0.0,,0,0,0,0.0,0.0,0.0,0,1,0.0
Saint Joseph (CT),"Heslin,Olivia",15.0,4.0,6.0,66.67,0.0,0.0,,0.0,0.0,,1,7,8,0.0,1.0,0.0,1,3,8.0
Emerson,"Hicks,Lena",5.0,0.0,0.0,,0.0,0.0,,0.0,0.0,,0,0,0,0.0,0.0,0.0,0,1,0.0
Emmanuel (MA),"Hill,Madisun",22.0,0.0,8.0,0.0,0.0,0.0,,0.0,0.0,,0,4,4,0.0,2.0,2.0,2,0,0.0
Wellesley,"Hofer, Arla",30.0,1.0,3.0,33.33,0.0,0.0,,2.0,2.0,100.0,2,7,9,1.0,1.0,1.0,7,2,4.0
Colby-Sawyer,"Holt,Marissa",22.0,3.0,6.0,50.0,1.0,3.0,33.33,1.0,2.0,50.0,1,2,3,0.0,0.0,0.0,2,5,8.0
VTSU Lyndon,"Huntington,Ella",38.0,3.0,10.0,30.0,0.0,2.0,0.0,0.0,0.0,,1,6,7,4.0,2.0,0.0,5,1,6.0
St. Joseph's (ME),"Hurley,Angelica",17.0,3.0,6.0,50.0,3.0,5.0,60.0,0.0,0.0,,2,4,6,5.0,1.0,0.0,1,3,9.0
New England Col.,"Hutton,Macy",2.0,0.0,0.0,,0.0,0.0,,0.0,0.0,,0,1,1,0.0,0.0,0.0,0,1,0.0
WPI,"Hyams,Ava",3.0,1.0,1.0,100.0,0.0,0.0,,0.0,0.0,,0,1,1,0.0,0.0,0.0,0,0,2.0
Mitchell,"Hypolite,Jade",37.0,3.0,8.0,37.5,1.0,1.0,100.0,2.0,4.0,50.0,0,2,2,4.0,1.0,0.0,8,2,9.0
Albertus Magnus,"Isabella, Fiorillo",12.0,1.0,2.0,50.0,1.0,1.0,100.0,1.0,2.0,50.0,0,0,0,0.0,0.0,0.0,2,3,4.0
Gordon,Isabelle Stogsdill,8.0,0.0,2.0,0.0,0.0,1.0,0.0,0.0,0.0,,0,0,0,0.0,0.0,0.0,0,0,0.0
Emmanuel (MA),"Jackson,Eliana",22.0,2.0,6.0,33.33,0.0,0.0,,6.0,12.0,50.0,4,2,6,0.0,0.0,0.0,0,2,10.0
Elms,Jade Lewis,187.0,25.0,57.0,43.86,5.0,17.0,29.41,12.0,19.0,63.16,11,14,25,20.0,8.0,0.0,34,17,67.0
JWU (Providence),"Jaffray,Grace",64.0,17.0,43.0,39.53,5.0,21.0,23.81,13.0,14.0,92.86,5,13,18,6.0,0.0,1.0,4,4,52.0
WPI,"Jansen,Femke",3.0,0.0,1.0,0.0,0.0,1.0,0.0,0.0,0.0,,0,0,0,0.0,0.0,0.0,1,1,0.0
Gordon,Jayme Kiser,20.0,2.0,9.0,22.22,2.0,4.0,50.0,0.0,0.0,,1,2,3,1.0,0.0,1.0,2,1,6.0
Elms,Jenny Gorski,111.0,9.0,22.0,40.91,0.0,0.0,,4.0,7.0,57.14,12,19,31,3.0,10.0,2.0,17,14,22.0
Westfield St.,Jess Gardner,18.0,0.0,3.0,0.0,0.0,1.0,0.0,1.0,2.0,50.0,0,1,1,0.0,3.0,1.0,2,3,1.0
Albertus Magnus,"Johnson, Ava",24.0,4.0,8.0,50.0,0.0,0.0,,0.0,1.0,0.0,1,1,2,1.0,2.0,3.0,1,1,8.0
Lasell,"Johnson,Hailey",17.0,4.0,8.0,50.0,0.0,0.0,,0.0,0.0,,4,3,7,0.0,0.0,0.0,1,4,8.0
Lasell,"Johnson,Laura",49.0,4.0,18.0,22.22,0.0,0.0,,3.0,5.0,60.0,9,14,23,3.0,1.0,1.0,3,0,11.0
Nazareth,"Johnson,Madilann",16.0,1.0,4.0,25.0,1.0,4.0,25.0,0.0,0.0,,0,2,2,2.0,2.0,0.0,3,0,3.0
JWU (Providence),"Johnson,Maiyah",33.0,2.0,8.0,25.0,1.0,4.0,25.0,0.0,0.0,,4,2,6,0.0,0.0,0.0,0,1,5.0
Elms,"Johnston, Rahmia",104.0,8.0,25.0,32.0,2.0,11.0,18.18,14.0,16.0,87.5,4,18,22,9.0,7.0,0.0,9,7,32.0
Elms,"Johnston,Rahmia",688.0,72.0,222.0,32.43,29.0,106.0,27.36,81.0,102.0,79.41,14,90,104,47.0,33.0,1.0,59,40,254.0
Westfield St.,Jordan Grant,16.0,7.0,15.0,46.67,0.0,1.0,0.0,5.0,7.0,71.43,5,2,7,1.0,3.0,0.0,4,0,19.0
Fitchburg St.,Kaelynn Tanner,24.0,6.0,13.0,46.15,3.0,8.0,37.5,0.0,0.0,,2,3,5,1.0,1.0,0.0,4,3,15.0
Fitchburg St.,Kathryn Hart,27.0,5.0,10.0,50.0,1.0,3.0,33.33,3.0,7.0,42.86,3,0,3,1.0,1.0,0.0,3,4,14.0
Westfield St.,Kayley Downie,4.0,1.0,2.0,50.0,1.0,2.0,50.0,0.0,0.0,,0,1,1,0.0,1.0,0.0,1,0,3.0
Albertus Magnus,"Keele, Sharaya",4.0,0.0,0.0,,0.0,0.0,,2.0,2.0,100.0,1,1,2,0.0,0.0,0.0,0,1,2.0
Elms,Kelly LeBel,89.0,7.0,33.0,21.21,2.0,18.0,11.11,4.0,5.0,80.0,0,7,7,0.0,4.0,0.0,8,4,20.0
WPI,"Kelly,Alice",30.0,5.0,12.0,41.67,2.0,4.0,50.0,3.0,4.0,75.0,4,6,10,6.0,3.0,4.0,3,2,15.0
Nazareth,"Kelly,Madalyn",20.0,3.0,6.0,50.0,2.0,5.0,40.0,0.0,0.0,,1,1,2,3.0,1.0,0.0,2,0,8.0
Dean College,Kendrah Doane,34.0,3.0,6.0,50.0,0.0,2.0,0.0,1.0,2.0,50.0,1,6,7,3.0,2.0,0.0,3,4,7.0
Westfield St.,Kiki McNary,6.0,3.0,4.0,75.0,0.0,0.0,,0.0,0.0,,0,0,0,2.0,1.0,1.0,1,2,6.0
Elms,"Koch, Autumn",7.0,0.0,1.0,0.0,0.0,1.0,0.0,0.0,0.0,,0,0,0,0.0,1.0,0.0,0,1,0.0
Elms,"Koch,Autumn",10.0,1.0,4.0,25.0,1.0,4.0,25.0,0.0,0.0,,0,1,1,0.0,1.0,0.0,0,1,3.0
Amherst,Kori Barach,30.0,7.0,11.0,63.64,0.0,4.0,0.0,2.0,3.0,66.67,5,7,12,3.0,1.0,0.0,4,3,16.0
Emmanuel (MA),"Krumian,Lia",30.0,2.0,8.0,25.0,2.0,6.0,33.33,0.0,0.0,,2,4,6,6.0,0.0,0.0,0,6,6.0
Saint Joseph (CT),"Kulas,Ella",7.0,1.0,2.0,50.0,0.0,0.0,,0.0,0.0,,0,0,0,0.0,0.0,0.0,0,1,2.0
New England Col.,"Lacy,Abigail",9.0,0.0,3.0,0.0,0.0,1.0,0.0,1.0,2.0,50.0,0,0,0,0.0,0.0,0.0,1,1,1.0
Elms,"LeBel, Kelly",19.0,0.0,6.0,0.0,0.0,5.0,0.0,0.0,0.0,,0,0,0,0.0,1.0,0.0,1,1,0.0
Elms,"LeBel,Kelly",161.0,15.0,61.0,24.59,5.0,33.0,15.15,7.0,13.0,53.85,1,20,21,7.0,9.0,1.0,9,2,42.0
Wellesley,"LePage, Arielle",0.0,0.0,0.0,,0.0,0.0,,0.0,0.0,,0,0,0,0.0,0.0,0.0,0,0,0.0
Gordon,Leah McGarvey,11.0,2.0,4.0,50.0,0.0,1.0,0.0,0.0,0.0,,2,0,2,0.0,0.0,0.0,0,3,4.0
St. Joseph's (ME),"Lebel,Madison",17.0,4.0,4.0,100.0,0.0,0.0,,1.0,2.0,50.0,1,3,4,2.0,0.0,1.0,0,0,9.0
Lasell,"Leigh,Nai",20.0,1.0,5.0,20.0,0.0,2.0,0.0,0.0,0.0,,1,1,2,0.0,1.0,0.0,0,2,2.0
Emerson,"Levison,Charlotte",23.0,7.0,13.0,53.85,1.0,4.0,25.0,7.0,8.0,87.5,2,6,8,3.0,2.0,2.0,6,3,22.0
Elms,"Lewis, Jade",105.0,10.0,31.0,32.26,5.0,11.0,45.45,12.0,16.0,75.0,6,9,15,5.0,3.0,0.0,18,6,37.0
New England Col.,"Lewis,Camryn",12.0,5.0,10.0,50.0,0.0,0.0,,0.0,2.0,0.0,4,5,9,0.0,0.0,1.0,0,0,10.0
Elms,"Lewis,Jade",617.0,65.0,211.0,30.81,20.0,71.0,28.17,54.0,71.0,76.06,27,46,73,43.0,33.0,1.0,113,47,204.0
Nazareth,"Littlefield,Payton",15.0,2.0,6.0,33.33,1.0,5.0,20.0,2.0,2.0,100.0,0,1,1,0.0,0.0,0.0,0,1,7.0
New England Col.,"Lively,Ajayah",22.0,3.0,5.0,60.0,1.0,1.0,100.0,2.0,2.0,100.0,1,2,3,0.0,2.0,0.0,2,2,9.0
JWU (Providence),"Lora,Alexa",47.0,7.0,13.0,53.85,2.0,5.0,40.0,5.0,9.0,55.56,2,7,9,7.0,3.0,0.0,6,5,21.0
Mitchell,"Lucas,Kyrsten",30.0,2.0,8.0,25.0,1.0,4.0,25.0,0.0,0.0,,1,5,6,3.0,2.0,0.0,1,3,5.0
Albertus Magnus,"Ludlow, Willow",7.0,0.0,0.0,,0.0,0.0,,0.0,0.0,,0,0,0,0.0,0.0,0.0,1,1,0.0
Emerson,"Lyons,Sydney",16.0,1.0,5.0,20.0,0.0,0.0,,0.0,1.0,0.0,1,2,3,0.0,0.0,0.0,1,2,2.0
Norwich,"MacAuley,Sage",10.0,1.0,1.0,100.0,0.0,0.0,,0.0,2.0,0.0,0,1,1,0.0,0.0,0.0,1,0,2.0
Colby-Sawyer,"MacDonald,Lauren",24.0,2.0,7.0,28.57,0.0,3.0,0.0,0.0,4.0,0.0,1,2,3,3.0,3.0,0.0,5,4,4.0
Nazareth,"MacLachlan,Katie",16.0,3.0,6.0,50.0,1.0,3.0,33.33,2.0,2.0,100.0,2,0,2,0.0,2.0,1.0,1,2,9.0
WPI,"MacPhetres,Delaney",2.0,1.0,2.0,50.0,0.0,0.0,,0.0,0.0,,0,0,0,0.0,0.0,0.0,0,0,2.0
Lasell,"Mack,Blaize",43.0,9.0,20.0,45.0,0.0,1.0,0.0,5.0,8.0,62.5,4,3,7,2.0,2.0,1.0,4,6,23.0
VTSU Lyndon,"Mack,Kiara",23.0,1.0,5.0,20.0,0.0,0.0,,0.0,0.0,,2,5,7,1.0,1.0,2.0,4,3,2.0
Wentworth,Maddie Gaynor,16.0,0.0,3.0,0.0,0.0,2.0,0.0,0.0,2.0,0.0,1,0,1,2.0,0.0,0.0,3,2,0.0
Westfield St.,Maddie Pond,16.0,8.0,17.0,47.06,5.0,10.0,50.0,2.0,2.0,100.0,2,3,5,4.0,11.0,0.0,2,0,23.0
Wentworth,Maddy Foster,23.0,3.0,6.0,50.0,1.0,2.0,50.0,0.0,2.0,0.0,4,3,7,2.0,0.0,0.0,7,2,7.0
St. Joseph's (ME),"Madore,Hayden",21.0,3.0,7.0,42.86,1.0,5.0,20.0,0.0,0.0,,0,2,2,1.0,0.0,0.0,1,2,7.0
Lasell,"Major,Shirle",48.0,9.0,22.0,40.91,5.0,12.0,41.67,1.0,2.0,50.0,4,1,5,6.0,3.0,0.0,6,8,24.0
Fitchburg St.,Malaica Guillaume,4.0,0.0,0.0,,0.0,0.0,,0.0,0.0,,0,0,0,0.0,0.0,0.0,0,1,0.0
Dean College,Maranda Cournoyer,27.0,1.0,7.0,14.29,0.0,1.0,0.0,0.0,2.0,0.0,0,2,2,1.0,1.0,0.0,3,0,2.0
Regis (MA),"Marinelli, Erika",26.0,2.0,8.0,25.0,1.0,5.0,20.0,1.0,2.0,50.0,1,0,1,2.0,0.0,0.0,1,2,6.0
Elms,Mary Turco,145.0,29.0,46.0,63.04,0.0,0.0,,9.0,23.0,39.13,24,36,60,7.0,9.0,8.0,24,21,67.0
Emmanuel (MA),"Matela,Olivia",42.0,6.0,14.0,42.86,2.0,10.0,20.0,2.0,4.0,50.0,0,14,14,10.0,6.0,0.0,0,4,16.0
New England Col.,"Matlock,Gabriella",8.0,0.0,4.0,0.0,0.0,0.0,,0.0,0.0,,1,0,1,0.0,0.0,0.0,0,3,0.0
Amherst,Maya Cwalina,35.0,5.0,11.0,45.45,1.0,2.0,50.0,2.0,2.0,100.0,5,9,14,0.0,0.0,6.0,1,3,13.0
Salem St.,"McConney,Amayah",15.0,2.0,5.0,40.0,0.0,1.0,0.0,0.0,0.0,,1,3,4,0.0,0.0,0.0,2,0,4.0
New England Col.,"McDonald,Mackenzie",9.0,1.0,3.0,33.33,0.0,0.0,,0.0,0.0,,0,2,2,2.0,0.0,0.0,0,0,2.0
Nazareth,"McDowell,Sarina",22.0,8.0,10.0,80.0,0.0,0.0,,1.0,1.0,100.0,1,4,5,6.0,2.0,1.0,2,0,17.0
Norwich,"McGinn,Maren",26.0,10.0,16.0,62.5,0.0,0.0,,3.0,3.0,100.0,4,4,8,0.0,1.0,0.0,3,4,23.0
Emerson,"McGovern,Lisee",2.0,0.0,0.0,,0.0,0.0,,0.0,0.0,,0,0,0,0.0,0.0,0.0,0,0,0.0
VTSU Lyndon,"McIntire,Chloe",2.0,0.0,0.0,,0.0,0.0,,0.0,2.0,0.0,0,1,1,0.0,0.0,1.0,0,0,0.0
Saint Joseph (CT),"McTier,Gjamory'a",6.0,1.0,1.0,100.0,0.0,0.0,,0.0,0.0,,0,2,2,0.0,0.0,0.0,0,0,2.0
Elms,Mia Pacheco,13.0,1.0,2.0,50.0,1.0,1.0,100.0,0.0,2.0,0.0,2,4,6,0.0,0.0,0.0,5,1,3.0
Elms,"Mildner, Stephanie",3.0,0.0,0.0,,0.0,0.0,,0.0,0.0,,0,1,1,1.0,0.0,0.0,0,0,0.0
Elms,"Mildner,Stephanie",27.0,5.0,9.0,55.56,0.0,0.0,,0.0,2.0,0.0,3,5,8,2.0,0.0,0.0,3,2,10.0
Albertus Magnus,"Mitchell, Jaelynn",6.0,1.0,1.0,100.0,0.0,0.0,,0.0,0.0,,0,1,1,0.0,0.0,0.0,0,2,2.0
Colby-Sawyer,"Mitchell,Elyza",33.0,1.0,3.0,33.33,0.0,1.0,0.0,0.0,0.0,,0,6,6,2.0,4.0,0.0,3,3,2.0
JWU (Providence),"Mitchell,Qubilah",9.0,0.0,0.0,,0.0,0.0,,0.0,0.0,,1,0,1,1.0,0.0,1.0,1,1,0.0
JWU (Providence),"Moley,Keira",0.0,0.0,0.0,,0.0,0.0,,0.0,0.0,,0,0,0,0.0,0.0,0.0,0,0,0.0
New England Col.,"Moody,Zaniya",13.0,2.0,2.0,100.0,0.0,0.0,,1.0,2.0,50.0,0,0,0,3.0,1.0,0.0,1,1,5.0
Salem St.,"Morales,Janeishelly",1.0,0.0,0.0,,0.0,0.0,,0.0,0.0,,0,0,0,0.0,0.0,0.0,1,0,0.0
Westfield St.,Morgan Berthiaume,17.0,1.0,4.0,25.0,1.0,1.0,100.0,1.0,2.0,50.0,4,3,7,3.0,4.0,0.0,2,2,4.0
New England Col.,"Moss,Amya",38.0,3.0,7.0,42.86,0.0,0.0,,4.0,8.0,50.0,1,4,5,4.0,0.0,0.0,5,2,10.0
Rivier,"Muchemore,Hannah",27.0,3.0,12.0,25.0,2.0,7.0,28.57,4.0,6.0,66.67,1,1,2,4.0,5.0,0.0,3,1,12.0
Albertus Magnus,"Murphy, Ava",0.0,0.0,0.0,,0.0,0.0,,0.0,0.0,,0,0,0,0.0,0.0,0.0,0,0,0.0
Albertus Magnus,"Murray-Leach, Jakara",24.0,7.0,8.0,87.5,1.0,1.0,100.0,0.0,0.0,,3,7,10,3.0,2.0,1.0,0,2,15.0
Gordon,Naomi Nicholson,29.0,3.0,10.0,30.0,3.0,8.0,37.5,1.0,2.0,50.0,2,5,7,3.0,4.0,0.0,3,0,10.0
Lasell,"Nealy,Juju",57.0,6.0,17.0,35.29,3.0,8.0,37.5,0.0,0.0,,0,1,1,5.0,3.0,1.0,2,3,15.0
WPI,"Nielsen,Leila",10.0,0.0,2.0,0.0,0.0,0.0,,0.0,0.0,,1,0,1,1.0,0.0,1.0,0,1,0.0
Salem St.,"Nieves,Jaylen",19.0,0.0,4.0,0.0,0.0,2.0,0.0,4.0,4.0,100.0,0,6,6,2.0,0.0,0.0,3,5,4.0
Norwich,"O'Brien,Kiley",29.0,5.0,9.0,55.56,0.0,1.0,0.0,0.0,0.0,,0,4,4,3.0,0.0,1.0,1,4,10.0
Anna Maria,"O'Connor,Sarah",23.0,4.0,5.0,80.0,1.0,1.0,100.0,2.0,2.0,100.0,2,0,2,1.0,3.0,0.0,1,1,11.0
Norwich,"O'Donnell,Siobhan",30.0,2.0,6.0,33.33,0.0,1.0,0.0,0.0,0.0,,1,2,3,4.0,4.0,0.0,6,2,4.0
Saint Joseph (CT),"Oliver,Janai",25.0,7.0,9.0,77.78,0.0,0.0,,4.0,6.0,66.67,3,14,17,1.0,1.0,0.0,2,0,18.0
Dean College,Olivia Cooper,13.0,0.0,2.0,0.0,0.0,0.0,,0.0,2.0,0.0,1,1,2,0.0,0.0,0.0,2,0,0.0
Westfield St.,Olivia Hadla,24.0,5.0,19.0,26.32,1.0,5.0,20.0,2.0,2.0,100.0,3,1,4,1.0,5.0,0.0,3,3,13.0
Salem St.,"Orfanos,Maria",15.0,0.0,4.0,0.0,0.0,1.0,0.0,0.0,0.0,,0,2,2,1.0,2.0,0.0,1,4,0.0
WPI,"Ouellette,Corinn",2.0,0.0,0.0,,0.0,0.0,,0.0,0.0,,0,0,0,0.0,0.0,0.0,1,0,0.0
Saint Joseph (CT),"Ouellette,Jordan",24.0,11.0,14.0,78.57,0.0,0.0,,0.0,0.0,,2,5,7,5.0,0.0,1.0,2,1,22.0
Elms,"Pacheco, Mia",3.0,0.0,0.0,,0.0,0.0,,1.0,2.0,50.0,0,1,1,0.0,1.0,0.0,1,0,1.0
Elms,"Pacheco,Mia",18.0,0.0,5.0,0.0,0.0,3.0,0.0,1.0,2.0,50.0,1,0,1,1.0,0.0,0.0,3,4,1.0
Gordon,Paige Gadarowski,10.0,0.0,2.0,0.0,0.0,0.0,,0.0,0.0,,1,2,3,0.0,0.0,0.0,1,3,0.0
Rivier,"Papatola,Lily",3.0,0.0,1.0,0.0,0.0,0.0,,0.0,0.0,,0,1,1,0.0,0.0,0.0,0,0,0.0
Anna Maria,"Paulhus,Madison",33.0,7.0,17.0,41.18,2.0,3.0,66.67,3.0,4.0,75.0,2,4,6,0.0,2.0,0.0,2,1,19.0
Regis (MA),"Perdicho, Jesmari",0.0,0.0,0.0,,0.0,0.0,,0.0,0.0,,0,0,0,0.0,0.0,0.0,0,0,0.0
Salem St.,"Perez,Jarielis",5.0,1.0,3.0,33.33,0.0,1.0,0.0,1.0,2.0,50.0,0,0,0,0.0,0.0,0.0,2,0,3.0
Regis (MA),"Perry, Jillian",33.0,1.0,9.0,11.11,0.0,5.0,0.0,3.0,5.0,60.0,3,6,9,2.0,4.0,0.0,1,3,5.0
Rivier,"Perry,Sydney",15.0,4.0,7.0,57.14,0.0,0.0,,2.0,2.0,100.0,0,2,2,1.0,1.0,1.0,2,2,10.0
Salem St.,"Phillips,Haley",3.0,1.0,1.0,100.0,0.0,0.0,,0.0,0.0,,1,0,1,0.0,0.0,0.0,0,0,2.0
Elms,Phonia Guerrier,5.0,0.0,1.0,0.0,0.0,0.0,,0.0,0.0,,0,1,1,0.0,0.0,0.0,1,0,0.0
Elms,Piper Graham,122.0,12.0,48.0,25.0,7.0,23.0,30.43,4.0,7.0,57.14,2,9,11,6.0,8.0,0.0,11,9,35.0
Regis (MA),"Pollini, Emma",17.0,1.0,4.0,25.0,1.0,2.0,50.0,3.0,4.0,75.0,1,1,2,1.0,1.0,0.0,1,2,6.0
Regis (MA),"Pollini, Sophia",6.0,0.0,0.0,,0.0,0.0,,0.0,0.0,,0,1,1,0.0,0.0,0.0,1,0,0.0
Elms,Rahmia Johnston,217.0,14.0,67.0,20.9,5.0,27.0,18.52,31.0,45.0,68.89,6,37,43,18.0,12.0,2.0,26,14,64.0
St. Joseph's (ME),"Ramsdell,Grace",23.0,3.0,10.0,30.0,1.0,6.0,16.67,2.0,2.0,100.0,0,8,8,5.0,3.0,2.0,0,0,9.0
Colby-Sawyer,"Raymond,Delaney",8.0,1.0,2.0,50.0,1.0,2.0,50.0,2.0,2.0,100.0,0,0,0,0.0,0.0,0.0,1,2,5.0
Wentworth,Reagan Madonia,22.0,4.0,10.0,40.0,3.0,7.0,42.86,0.0,0.0,,0,1,1,1.0,2.0,0.0,2,0,11.0
Amherst,Reagan Pahl,13.0,0.0,1.0,0.0,0.0,0.0,,0.0,0.0,,0,3,3,1.0,0.0,0.0,2,2,0.0
Anna Maria,"Reddin,Marinique",35.0,7.0,19.0,36.84,1.0,3.0,33.33,2.0,2.0,100.0,2,2,4,5.0,5.0,1.0,7,0,17.0
Norwich,"Reeve,Morgan",0.0,0.0,0.0,,0.0,0.0,,0.0,0.0,,0,0,0,0.0,0.0,0.0,0,0,0.0
Emmanuel (MA),"Reilly,Megan",28.0,4.0,12.0,33.33,0.0,0.0,,0.0,0.0,,6,2,8,2.0,2.0,0.0,2,0,8.0
WPI,"Reno,Shannon",32.0,3.0,6.0,50.0,2.0,5.0,40.0,0.0,0.0,,3,1,4,7.0,1.0,0.0,1,0,8.0
Regis (MA),"Reynolds, Maya",0.0,0.0,0.0,,0.0,0.0,,0.0,0.0,,0,0,0,0.0,0.0,0.0,0,0,0.0
Salem St.,"Reynolds,Morgan",3.0,0.0,1.0,0.0,0.0,0.0,,1.0,2.0,50.0,1,2,3,0.0,1.0,0.0,1,1,1.0
Rivier,"Rioux,Taylor",13.0,0.0,0.0,,0.0,0.0,,0.0,0.0,,1,1,2,1.0,1.0,1.0,1,0,0.0
Emmanuel (MA),"Robinson,Desiree",50.0,8.0,16.0,50.0,0.0,0.0,,2.0,4.0,50.0,2,4,6,2.0,6.0,0.0,6,6,18.0
St. Joseph's (ME),"Russell,Maddie",17.0,2.0,5.0,40.0,1.0,3.0,33.33,2.0,2.0,100.0,0,0,0,3.0,3.0,0.0,4,1,7.0
Fitchburg St.,Rylie Harlow,38.0,4.0,18.0,22.22,1.0,8.0,12.5,5.0,7.0,71.43,2,9,11,5.0,1.0,1.0,5,5,14.0
Anna Maria,"Salazar,Tiffany",28.0,1.0,8.0,12.5,1.0,5.0,20.0,0.0,0.0,,2,2,4,4.0,3.0,0.0,2,2,3.0
Wentworth,Samantha Jones,27.0,2.0,9.0,22.22,1.0,1.0,100.0,0.0,0.0,,0,1,1,6.0,2.0,0.0,6,2,5.0
Gordon,Sami Monighetti,15.0,1.0,4.0,25.0,1.0,4.0,25.0,0.0,0.0,,0,5,5,5.0,1.0,0.0,1,1,3.0
Mitchell,"Sanchez,Nanda",17.0,0.0,3.0,0.0,0.0,0.0,,0.0,0.0,,0,0,0,0.0,0.0,0.0,1,0,0.0
Salem St.,"Sarnacki,Maggy",2.0,0.0,0.0,,0.0,0.0,,1.0,2.0,50.0,0,1,1,0.0,0.0,0.0,0,1,1.0
Emmanuel (MA),"Saunders,Kalia",26.0,6.0,8.0,75.0,0.0,0.0,,2.0,4.0,50.0,4,6,10,6.0,6.0,0.0,0,2,14.0
Rivier,"Scharn,Alyssa",24.0,1.0,3.0,33.33,0.0,2.0,0.0,0.0,0.0,,1,1,2,4.0,0.0,0.0,2,2,2.0
Salem St.,"Schrock,Kylie",3.0,0.0,3.0,0.0,0.0,1.0,0.0,0.0,0.0,,0,1,1,0.0,0.0,0.0,0,1,0.0
Nazareth,"Schuey,Tessa",17.0,1.0,6.0,16.67,1.0,5.0,20.0,0.0,0.0,,0,3,3,2.0,0.0,0.0,3,1,3.0
Nazareth,"Schultz,Brayden",12.0,4.0,9.0,44.44,0.0,0.0,,2.0,2.0,100.0,2,1,3,1.0,1.0,1.0,2,4,10.0
Albertus Magnus,"Scott, Caitlyn",28.0,6.0,15.0,40.0,4.0,5.0,80.0,0.0,0.0,,1,8,9,4.0,1.0,0.0,3,1,16.0
Elms,"Scott, Ta'Niyah",1.0,0.0,0.0,,0.0,0.0,,0.0,0.0,,0,0,0,0.0,0.0,0.0,0,0,0.0
New England Col.,"Scott,Isyss",12.0,0.0,1.0,0.0,0.0,0.0,,3.0,6.0,50.0,1,5,6,0.0,1.0,0.0,0,3,3.0
Elms,"Scott,Ta'Niyah",18.0,1.0,2.0,50.0,0.0,0.0,,1.0,2.0,50.0,0,4,4,0.0,0.0,0.0,0,2,3.0
Anna Maria,"Scott-Cummins,Sharayha",19.0,6.0,8.0,75.0,2.0,3.0,66.67,0.0,0.0,,1,0,1,3.0,2.0,0.0,1,2,14.0
Wellesley,"Serna, Yitzel",0.0,0.0,0.0,,0.0,0.0,,0.0,0.0,,0,0,0,0.0,0.0,0.0,0,0,0.0
Wellesley,"Shane, Ava",30.0,5.0,7.0,71.43,0.0,0.0,,4.0,8.0,50.0,2,6,8,2.0,2.0,0.0,5,2,14.0
Elms,Shea Barron,82.0,6.0,21.0,28.57,2.0,8.0,25.0,2.0,4.0,50.0,3,7,10,5.0,2.0,0.0,1,13,16.0
Wellesley,"Sheahan, Bridget",10.0,0.0,1.0,0.0,0.0,0.0,,1.0,2.0,50.0,0,3,3,1.0,0.0,0.0,4,2,1.0
Emerson,"Silk,Jessie",40.0,6.0,12.0,50.0,1.0,6.0,16.67,7.0,8.0,87.5,1,6,7,3.0,2.0,0.0,1,1,20.0
Saint Joseph (CT),"Slisz,Maya",20.0,2.0,6.0,33.33,0.0,2.0,0.0,1.0,2.0,50.0,1,3,4,6.0,2.0,0.0,6,0,5.0
Emmanuel (MA),"Sloyan,Hattie",30.0,4.0,16.0,25.0,0.0,4.0,0.0,0.0,0.0,,2,2,4,4.0,4.0,0.0,4,4,8.0
VTSU Lyndon,"Small,Elise",7.0,0.0,4.0,0.0,0.0,3.0,0.0,0.0,0.0,,0,0,0,0.0,0.0,0.0,0,1,0.0
Elms,"Smith, Heaven",1.0,0.0,0.0,,0.0,0.0,,0.0,0.0,,0,0,0,0.0,0.0,0.0,0,0,0.0
Rivier,"Smith,Hannah",4.0,0.0,2.0,0.0,0.0,0.0,,0.0,0.0,,0,1,1,0.0,0.0,0.0,0,0,0.0
Elms,"Smith,Heaven",13.0,2.0,5.0,40.0,0.0,0.0,,0.0,0.0,,0,1,1,0.0,0.0,0.0,1,0,4.0
VTSU Lyndon,"Smith,Sage",39.0,8.0,16.0,50.0,4.0,10.0,40.0,1.0,2.0,50.0,3,2,5,1.0,3.0,0.0,8,3,21.0
Elms,Soliyana Asfaw,0.0,0.0,1.0,0.0,0.0,1.0,0.0,0.0,0.0,,1,0,1,0.0,0.0,0.0,0,0,0.0
Elms,Sophia Andrade,53.0,1.0,11.0,9.09,0.0,5.0,0.0,0.0,0.0,,4,7,11,2.0,1.0,0.0,5,5,2.0
Westfield St.,Sophia DeAngelis,15.0,1.0,5.0,20.0,0.0,0.0,,3.0,4.0,75.0,0,1,1,2.0,0.0,0.0,1,1,5.0
Gordon,Sophie Peters,17.0,2.0,5.0,40.0,0.0,0.0,,0.0,0.0,,2,4,6,0.0,1.0,0.0,2,2,4.0
Saint Joseph (CT),"Soto,Emiah",26.0,2.0,9.0,22.22,0.0,0.0,,0.0,0.0,,0,1,1,2.0,2.0,0.0,4,1,4.0
St. Joseph's (ME),"Stapelfeld,Elisabeth",20.0,6.0,6.0,100.0,1.0,1.0,100.0,0.0,0.0,,1,0,1,3.0,1.0,0.0,3,1,13.0
Rivier,"Stawasz,Anna",3.0,0.0,1.0,0.0,0.0,1.0,0.0,0.0,0.0,,0,1,1,0.0,0.0,0.0,3,0,0.0
Fitchburg St.,Stephanie Hart,31.0,6.0,6.0,100.0,0.0,0.0,,8.0,13.0,61.54,8,9,17,4.0,4.0,0.0,1,3,20.0
Elms,Stephanie Mildner,7.0,0.0,2.0,0.0,0.0,0.0,,0.0,0.0,,0,1,1,0.0,0.0,0.0,0,1,0.0
Elms,"Stokes, Danajah",1.0,1.0,1.0,100.0,0.0,0.0,,0.0,0.0,,0,0,0,0.0,0.0,0.0,0,0,2.0
Elms,"Stokes,Danajah",1.0,0.0,0.0,,0.0,0.0,,2.0,2.0,100.0,0,1,1,0.0,0.0,0.0,0,0,2.0
WPI,"Stone,Megan",17.0,2.0,2.0,100.0,0.0,0.0,,2.0,2.0,100.0,2,3,5,1.0,1.0,0.0,2,1,6.0
Mitchell,"Streitmatter,Jordyn",32.0,3.0,10.0,30.0,0.0,2.0,0.0,0.0,0.0,,0,2,2,2.0,1.0,0.0,5,2,6.0
Regis (MA),"Striggles, Jordyn",32.0,4.0,12.0,33.33,0.0,6.0,0.0,0.0,0.0,,0,1,1,1.0,2.0,0.0,0,1,8.0
JWU (Providence),"Suero,Isabella",62.0,12.0,37.0,32.43,7.0,25.0,28.0,2.0,2.0,100.0,0,11,11,9.0,2.0,2.0,2,5,33.0
Lasell,"Sullivan-Sanders,Mia",33.0,3.0,11.0,27.27,0.0,0.0,,1.0,2.0,50.0,6,5,11,0.0,2.0,1.0,3,5,7.0
Amherst,Sylvia Liddle,26.0,1.0,7.0,14.29,0.0,3.0,0.0,2.0,2.0,100.0,2,2,4,4.0,1.0,0.0,2,0,4.0
Albertus Magnus,TEAM,0.0,0.0,0.0,,0.0,0.0,,0.0,0.0,,2,4,6,0.0,0.0,0.0,0,0,0.0
Anna Maria,TEAM,0.0,0.0,0.0,,0.0,0.0,,0.0,0.0,,0,0,0,0.0,0.0,0.0,1,0,0.0
Colby-Sawyer,TEAM,0.0,0.0,0.0,,0.0,0.0,,0.0,0.0,,1,0,1,0.0,0.0,0.0,0,0,0.0
Elms,TEAM,0.0,0.0,0.0,,0.0,0.0,,0.0,0.0,,30,21,51,0.0,0.0,0.0,10,0,0.0
Emerson,TEAM,0.0,0.0,0.0,,0.0,0.0,,0.0,0.0,,0,2,2,0.0,0.0,0.0,0,0,0.0
Emmanuel (MA),TEAM,0.0,0.0,0.0,,0.0,0.0,,0.0,0.0,,6,10,16,0.0,0.0,0.0,0,0,0.0
JWU (Providence),TEAM,0.0,0.0,0.0,,0.0,0.0,,0.0,0.0,,2,7,9,0.0,0.0,0.0,0,0,0.0
Lasell,TEAM,0.0,0.0,0.0,,0.0,0.0,,0.0,0.0,,0,0,0,0.0,0.0,0.0,0,0,0.0
Mitchell,TEAM,0.0,0.0,0.0,,0.0,0.0,,0.0,0.0,,0,1,1,0.0,0.0,0.0,0,0,0.0
Nazareth,TEAM,0.0,0.0,0.0,,0.0,0.0,,0.0,0.0,,0,1,1,0.0,0.0,0.0,0,0,0.0
New England Col.,TEAM,0.0,0.0,0.0,,0.0,0.0,,0.0,0.0,,0,1,1,0.0,0.0,0.0,4,0,0.0
Norwich,TEAM,0.0,0.0,0.0,,0.0,0.0,,0.0,0.0,,0,0,0,0.0,0.0,0.0,1,0,0.0
Regis (MA),TEAM,0.0,0.0,0.0,,0.0,0.0,,0.0,0.0,,2,2,4,0.0,0.0,0.0,1,0,0.0
Rivier,TEAM,0.0,0.0,0.0,,0.0,0.0,,0.0,0.0,,0,1,1,0.0,0.0,0.0,1,0,0.0
Saint Joseph (CT),TEAM,0.0,0.0,0.0,,0.0,0.0,,0.0,0.0,,1,1,2,0.0,0.0,0.0,0,0,0.0
Salem St.,TEAM,0.0,0.0,0.0,,0.0,0.0,,0.0,0.0,,1,3,4,0.0,0.0,0.0,0,0,0.0
St. Joseph's (ME),TEAM,0.0,0.0,0.0,,0.0,0.0,,0.0,0.0,,0,0,0,0.0,0.0,0.0,0,0,0.0
VTSU Lyndon,TEAM,0.0,0.0,0.0,,0.0,0.0,,0.0,0.0,,0,0,0,0.0,0.0,0.0,0,0,0.0
WPI,TEAM,0.0,0.0,0.0,,0.0,0.0,,0.0,0.0,,1,2,3,0.0,0.0,0.0,1,0,0.0
Wellesley,TEAM,0.0,0.0,0.0,,0.0,0.0,,0.0,0.0,,0,0,0,0.0,0.0,0.0,0,0,0.0
Wentworth,TEAM,0.0,0.0,0.0,,0.0,0.0,,0.0,0.0,,2,1,3,0.0,0.0,0.0,0,0,0.0
Elms,Ta'Niyah Scott,10.0,1.0,2.0,50.0,0.0,0.0,,0.0,2.0,0.0,2,2,4,0.0,0.0,0.0,3,1,2.0
Elms,Talia Uribe,118.0,9.0,29.0,31.03,1.0,3.0,33.33,10.0,15.0,66.67,15,10,25,2.0,5.0,0.0,22,15,29.0
Westfield St.,Tavi Williams,13.0,0.0,0.0,,0.0,0.0,,0.0,2.0,0.0,2,2,4,4.0,3.0,0.0,3,2,0.0
Wentworth,Taylor Garabedian,35.0,4.0,7.0,57.14,0.0,1.0,0.0,1.0,2.0,50.0,4,4,8,4.0,3.0,0.0,6,2,9.0
Mitchell,"Teague,Nâ€™Tai",32.0,8.0,15.0,53.33,3.0,5.0,60.0,3.0,4.0,75.0,1,9,10,0.0,2.0,1.0,4,4,22.0
Amherst,Team,0.0,0.0,0.0,,0.0,0.0,,0.0,0.0,,3,2,5,0.0,0.0,0.0,0,0,0.0
Dean College,Team,0.0,0.0,0.0,,0.0,0.0,,0.0,0.0,,2,5,7,0.0,0.0,0.0,0,0,0.0
Elms,Team,0.0,0.0,0.0,,0.0,0.0,,0.0,0.0,,10,18,28,0.0,0.0,0.0,1,0,0.0
Fitchburg St.,Team,0.0,0.0,0.0,,0.0,0.0,,0.0,0.0,,2,0,2,0.0,0.0,0.0,0,0,0.0
Gordon,Team,0.0,0.0,0.0,,0.0,0.0,,0.0,0.0,,1,2,3,0.0,0.0,0.0,1,0,0.0
Westfield St.,Team,0.0,0.0,0.0,,0.0,0.0,,0.0,0.0,,2,1,3,0.0,0.0,0.0,1,0,0.0
Wellesley,"Techarungchaikul, Proud",8.0,0.0,0.0,,0.0,0.0,,0.0,0.0,,0,1,1,1.0,0.0,0.0,1,0,0.0
Salem St.,"Teng,Abuk",25.0,4.0,10.0,40.0,0.0,0.0,,0.0,1.0,0.0,1,7,8,2.0,2.0,0.0,3,4,8.0
Norwich,"Thomas,Erika",9.0,0.0,3.0,0.0,0.0,2.0,0.0,0.0,0.0,,0,1,1,0.0,0.0,0.0,1,1,0.0
JWU (Providence),"Thompson,Kyla",7.0,0.0,0.0,,0.0,0.0,,0.0,0.0,,1,0,1,0.0,1.0,1.0,1,3,0.0
Wentworth,Tita Rana,10.0,2.0,2.0,100.0,0.0,0.0,,0.0,0.0,,1,1,2,0.0,0.0,0.0,2,0,4.0
Westfield St.,Tori Dodge,5.0,0.0,1.0,0.0,0.0,1.0,0.0,0.0,0.0,,0,1,1,1.0,0.0,0.0,0,1,0.0
Dean College,Tori Viau,32.0,6.0,15.0,40.0,2.0,8.0,25.0,3.0,6.0,50.0,0,0,0,1.0,2.0,0.0,1,1,17.0
Elms,"Turco, Mary",78.0,12.0,38.0,31.58,0.0,0.0,,14.0,18.0,77.78,17,22,39,2.0,5.0,1.0,17,11,38.0
Elms,"Turco,Mary",448.0,69.0,156.0,44.23,0.0,1.0,0.0,38.0,70.0,54.29,51,116,167,22.0,23.0,22.0,65,65,176.0
Saint Joseph (CT),"Turcotte Briggs,Sequoia",16.0,2.0,7.0,28.57,0.0,2.0,0.0,0.0,0.0,,1,1,2,0.0,1.0,0.0,1,1,4.0
Elms,"Uribe, Talia",81.0,5.0,23.0,21.74,0.0,1.0,0.0,8.0,12.0,66.67,9,9,18,0.0,6.0,0.0,6,10,18.0
Elms,"Uribe,Talia",422.0,23.0,107.0,21.5,1.0,7.0,14.29,46.0,71.0,64.79,29,44,73,16.0,32.0,2.0,39,60,93.0
Saint Joseph (CT),"Verboven,Taylor",18.0,1.0,3.0,33.33,0.0,0.0,,0.0,0.0,,0,1,1,5.0,0.0,0.0,2,1,2.0
Elms,"Wasiewicz, Gabby",18.0,0.0,7.0,0.0,0.0,5.0,0.0,0.0,0.0,,0,3,3,0.0,0.0,0.0,2,1,0.0
Elms,"Wasiewicz,Gabby",143.0,19.0,70.0,27.14,15.0,61.0,24.59,4.0,7.0,57.14,5,13,18,2.0,9.0,1.0,12,13,57.0
VTSU Lyndon,"Webster,Riley",15.0,3.0,9.0,33.33,2.0,6.0,33.33,2.0,2.0,100.0,1,1,2,0.0,0.0,0.0,1,2,10.0
VTSU Lyndon,"Whitcomb,Kadienne",32.0,3.0,9.0,33.33,3.0,7.0,42.86,1.0,2.0,50.0,1,4,5,2.0,1.0,0.0,1,0,10.0
Albertus Magnus,"White, Diamond",25.0,4.0,11.0,36.36,1.0,3.0,33.33,1.0,3.0,33.33,0,0,0,3.0,1.0,0.0,0,1,10.0
Emmanuel (MA),"Whitehead,Jordan",32.0,6.0,20.0,30.0,2.0,12.0,16.67,4.0,6.0,66.67,0,0,0,0.0,8.0,0.0,4,4,18.0
Emmanuel (MA),"Widito,Zahara",22.0,2.0,6.0,33.33,0.0,0.0,,2.0,4.0,50.0,2,8,10,0.0,4.0,2.0,2,6,6.0
Colby-Sawyer,"Wilkins,Hayden",33.0,2.0,13.0,15.38,0.0,4.0,0.0,5.0,5.0,100.0,1,3,4,3.0,4.0,0.0,3,1,9.0
Albertus Magnus,"Williams, Jennae",3.0,0.0,1.0,0.0,0.0,0.0,,0.0,0.0,,0,0,0,0.0,0.0,0.0,1,1,0.0
Lasell,"Williamson,Daeserae",22.0,1.0,7.0,14.29,0.0,1.0,0.0,4.0,4.0,100.0,3,4,7,2.0,1.0,0.0,3,5,6.0
Wellesley,"Windross, Caitlin",14.0,2.0,5.0,40.0,0.0,0.0,,0.0,0.0,,1,1,2,2.0,3.0,0.0,1,3,4.0
Gordon,Woynitu Ciccarello,30.0,4.0,13.0,30.77,2.0,8.0,25.0,4.0,4.0,100.0,1,5,6,2.0,4.0,0.0,1,2,14.0
Saint Joseph (CT),"Yorke,Nevaeh",19.0,1.0,3.0,33.33,0.0,0.0,,0.0,0.0,,0,3,3,1.0,1.0,0.0,1,1,2.0
Salem St.,"Zaiter,Liz",21.0,5.0,12.0,41.67,0.0,0.0,,4.0,9.0,44.44,5,4,9,0.0,0.0,2.0,2,2,14.0
Regis (MA),"Zancan, Madi",34.0,10.0,20.0,50.0,0.0,1.0,0.0,4.0,5.0,80.0,4,12,16,3.0,1.0,3.0,2,1,24.0
Albertus Magnus,"Zdru, Amanda",20.0,4.0,8.0,50.0,2.0,5.0,40.0,0.0,0.0,,0,2,2,2.0,0.0,0.0,2,1,10.0
WPI,"Zembrzuski,Hailey",2.0,0.0,1.0,0.0,0.0,0.0,,0.0,0.0,,1,0,1,1.0,0.0,0.0,0,0,0.0
Norwich,"Zimmerman,Jessie",20.0,0.0,3.0,0.0,0.0,0.0,,0.0,0.0,,1,5,6,3.0,0.0,2.0,0,2,0.0
